UNITID,LIAB011,LIAB910,ASSE011,ASSE910
100654,116267000,113050823,81817807,79610700
100663,1171668911,1088903701,2339292264,2236977186
100706,129274908,130385545,267736680,261995785
100724,262888167,204446635,136240954,136138305
100733,2220512,2203052,14041491,13098975
100751,1089231555,905840696,1614638164,1534341490
100760,10106770,10140149,25674983,22932492
100812,22925383,20650652,30351763,27065625
100830,77894493,39394693,53801659,51193331
100858,1056576025,812085277,1381618581,1269294273
101028,10579578,10445983,18064172,18033285
101143,10672636,5963711,26363375,24062130
101161,26209297,20850048,33122026,30817015
101240,37672484,35757086,61389450,57786909
101286,13211815,13217418,47833848,44136484
101295,32566382,31366693,90604601,83222628
101301,2086135,2036047,41536839,39336159
101462,4306732,4402545,10575316,9892885
101471,771806,690434,7008175,7366702
101480,116875958,114879272,83517403,79295032
101499,2068524,2158441,13564841,12969872
101505,67751506,69484963,44811953,37978183
101514,43438365,42375437,72613348,62481347
101569,20138635,18332283,29331086,26741275
101587,41845690,16856130,42654238,28355064
101602,7387267,7360352,18244292,18250392
101648,3957750,3827791,19744792,20023363
101709,35965518,36168552,55600137,54975399
101736,7048456,7163607,31116417,30655282
101879,64732813,38382782,96492173,91967262
101897,8313560,8285014,22248162,21010496
101949,4529579,5380751,17029661,16519553
101994,3480555,3483538,4631235,4555859
102030,12640233,13035605,35335571,31051613
102067,16583058,18393969,69869747,67517711
102076,14076720,8322184,22840497,22809163
102094,503301000,497886000,416896000,419271000
102313,10856593,10359907,19462209,18785290
102368,178608995,158690164,265619878,236101970
102429,20932651,22061418,56788445,54322641
102553,62254576,64705697,351759866,315496448
102614,90665882,84879142,468383153,397139554
102632,13742484,15387037,61415921,58283167
102711,,,,
103361,336494,640938,18056058,14465498
103529,123435653,106188494,223006702,204477441
104151,1306429000,1270088000,1130440000,1036795000
104160,83361520,88751785,57897763,55033945
104179,1385180000,1360046000,1069087000,973603000
104346,64541310,67227936,92314297,80739938
104425,29342278,30842174,52980436,48813724
104577,3344020,2933652,78312454,74882695
104708,,,,
105136,860986370,776002667,763604262,660052656
105145,,,,
105154,,,,
105206,6944742,12286533,22787108,17391342
105297,14761550,3909846,60451631,52777716
105330,527890628,547571782,417896760,368830300
105349,1828409,1300414,66416592,58528019
105428,,,,
105525,28640412,38180606,216959372,199062637
105668,,,,
105747,,,,
105792,,,,
106148,66200467,62504995,76587228,65289513
106245,118210559,119504456,191189006,185509739
106263,496710000,453029000,731413000,671946000
106397,684163415,557873774,652202638,635232999
106412,29561616,31127843,95372964,84367807
106449,39908174,40584531,37868931,37169484
106458,148284363,146814628,201894484,184969150
106467,69703119,66384309,92083743,80642614
106485,16676395,16220118,41290476,38363491
106625,4770646,3715414,36218546,34514814
106704,126017612,101879641,98263585,89225985
106795,6746000,6752634,12203427,11771549
106829,,,,
106883,4471573,1841169,20219712,19659161
106980,15123306,15243598,19363446,19567155
106999,4821346,5351596,15799620,15695958
107071,38677906,38746600,41137133,36023359
107318,23406545,18890404,36365762,35869557
107327,6258643,6121569,23607416,23099020
107460,5328709,5788429,18972973,18621580
107488,,,,
107521,3232388,2133219,3648858,3836707
107549,3861735,3897531,10236402,9606742
107585,4807789,4306994,14749202,14154284
107619,14160670,14697282,18780581,14537767
107637,3594994,3033282,24452986,24409091
107664,50918430,52118590,39821099,35329083
107725,7330181,7747809,11352975,10029893
107743,1887400,1843781,12020974,12762489
107974,5041423,6042816,22619506,21745884
107983,48872813,43250484,42231946,40406447
107992,2370139,1777440,20887835,18507498
108056,19566445,14783824,31249743,26652575
108092,92040482,85605149,80296847,80046381
108667,,,,
108807,105885915,108016647,95344840,86281047
109208,,,,
109350,191862963,175640159,54019270,43835185
109819,336365837,337348702,171552684,173033918
109907,3311461,1889233,44982537,32168153
110246,120157418,106607929,147648736,146697271
110334,211066990,210282208,101465425,90921923
110398,47138283,48684228,143669146,131225185
110422,519321692,514558442,477619138,381037424
110486,44863127,44639873,117426823,109239083
110495,58073643,59768014,127019755,120221272
110501,1287637737,1131674406,-492478582,-118911947
110510,157196562,164000938,296149215,296778099
110529,233879778,225631127,366262566,351661472
110538,187969681,195981328,216308849,205054572
110547,60292775,63406558,186189852,176768191
110556,132541131,130706709,270790433,288585535
110565,430149125,441894549,426816787,412587195
110574,157365684,164690170,169828099,153055811
110583,223322177,235704489,471915212,457920181
110592,124808452,129271882,306627430,295596442
110608,260304989,251523302,484773955,451006348
110617,296086762,306030581,279773873,263178223
110635,,,,
110644,,,,
110653,,,,
110662,,,,
110671,,,,
110680,,,,
110699,,,,
110705,,,,
110714,,,,
111188,22471696,22771398,66873159,63804667
111434,129862434,130177017,25431372,31415817
111461,221106601,223577309,80715936,80564838
111887,161843640,139706032,70977346,76168379
111896,,,,
111920,372699837,356383818,49669964,63811901
111939,195278239,201602501,176591895,168771830
112172,93836022,98423231,69933426,74650291
112190,492918657,486670766,183686035,172410103
112367,,,,
112376,37587101,36787953,13486222,14500529
112385,66052230,64611880,23699489,25517940
112561,,,,
112686,84716956,84556483,26983355,26557197
112817,315144125,327489062,189476017,188369691
112826,,,,
113096,,,,
113111,,,,
113193,50299191,49624878,102305365,96568858
113218,,,,
113236,,,,
113573,330753149,337496838,138826714,136212178
113634,,,,
113856,,,,
113953,,,,
113980,218971876,218443093,113332839,110039241
114266,,,,
114433,4371765,6698560,14977216,10589466
114716,316172644,242299322,39680607,43630734
114789,77184045,79082923,90526546,84442786
114831,790431610,605748306,99201518,109076834
114859,,,,
114938,108965698,82330394,18618560,23279281
115001,100666645,98553642,70940904,73007839
115126,115952448,113487158,41603646,44732681
115287,250700842,254710806,119472241,120057042
115296,,,,
115393,145270322,142873517,75567486,76531235
115755,98656794,99062230,191594890,184176093
115861,102990714,74379274,-7169825,-6279691
116439,,,,
117052,56360616,61918590,145413586,143573075
117195,3121097,3281911,31097760,30082300
117247,,,,
117274,3451307,2968945,7439953,7047492
117645,420310848,440105297,46241422,49820258
117681,3997759224,3045393480,757974176,640860041
117690,,,,
117706,,,,
117715,,,,
117724,,,,
117733,,,,
117788,,,,
117803,,,,
117867,,,,
117894,,,,
117900,404926960,279695358,435899402,424999079
118347,204647075,155499262,44904402,46417150
118684,38704675,39112175,34187315,34109589
118718,61164618,64044374,88921067,90716723
118772,,,,
118912,13500247,14434320,112376528,116814377
118930,,,,
118976,,,,
119067,150174566,149732505,60854656,62500643
119137,,,,
119164,270634800,278480622,173303878,163891484
119216,25971085,24519099,69962645,68877540
119331,157412784,160668516,14962415,18766817
120023,299664469,294241914,256066285,316000859
120290,154852142,153422444,73986180,76390871
120342,198042676,193832049,71057556,76401835
120421,,,,
120953,42774965,42268997,50054589,47389520
120971,357383697,180900544,144836081,134517898
121044,166459644,164543151,185033025,188491044
121178,722894118,711471552,71868955,58557652
121363,,,,
121619,,,,
121707,37457745,37515143,51410212,43135659
121886,221852715,155660261,94501962,92716415
121901,300845170,183829810,216986120,195553952
122180,,,,
122205,,,,
122320,133564338,177815000,59012001,79547818
122339,203569337,247200387,89941928,110588261
122375,174457255,120740993,77079496,54015030
122384,91082575,216604145,40242516,407749533
122409,209752806,360887599,442405743,386464479
122597,351629587,227794110,416951887,97889218
122658,223445479,326759563,105662667,84512823
122737,322379600,,77783185,
122746,,349350983,,241753581
122755,376456613,127782069,247881677,30837840
122782,127473273,301840716,24963496,72843677
122791,301111293,67817015,58967580,128120353
122889,66643958,461357922,131592921,124706478
122977,462824417,255282168,131101526,184722906
123013,245379388,101039815,189629575,75578487
123217,120311527,66424312,92138894,33097991
123299,63930463,108179529,35215416,84778847
123341,105439784,32598484,85500893,6943785
123484,32025540,,8778628,
123493,,212764098,,51346682
123509,212249936,,41565579,
123527,,146021047,,29636108
123563,140852178,201162387,31434495,165672763
123572,197244869,207490092,172843479,70014109
123800,277408084,2959109,69726216,26264616
123925,3036796,76159068,22809688,45912638
124113,78401624,27238444000,44607185,19351076000
124557,30047869000,362981840,19764772000,350912522
125019,358314096,,350209588,
125028,,161522257,,56471858
125091,159266000,,68249000,
125170,,317690468,,116298007
125222,316606669,,116256876,
125301,,,,
125462,,,,
125471,,354196914,,118129023
126100,363460989,79397731,117418597,33262476
126119,97669670,72123426,32540855,64302444
126182,72277420,29155131,65079900,84338488
126207,27484784,9714875,96997545,39539035
126289,10529898,751140732,42716749,899190479
126562,828897927,130231745,940324776,169735806
126580,135321693,804270398,178041985,1102261699
126614,834461672,36774681,1219892764,157171397
126711,38159940,11692365,172622471,21328426
126748,11151255,214054209,33581480,160965800
126775,214924899,559985556,196579816,687060596
126818,669356406,6088515,728226515,16644313
126863,6877989,,18948405,
126915,,11510853,,21723630
126942,37045641,,31863524,
127158,,67351497,,114982980
127185,63363430,19950958,124263354,100444625
127200,21539287,1078594,121211757,13180818
127389,4199923,164836372,12944319,152629592
127556,159945020,100207570,161186594,53409525
127565,105609953,1991880,64925056,15705887
127617,1842620,13016847,17784240,18483239
127732,12663789,168937472,21257438,169545566
127741,163192280,5669954,176170828,21356384
127778,5478385,20822374,23038513,39634262
127820,21789914,7838122,51938773,41179359
127884,22184216,11691201,44364639,36892535
127909,11298604,84493657,44629122,79713131
128106,79910967,,90228872,
128151,,4067887,,19151165
128258,4392089,33398050,22217660,213475388
128300,11276624,,307399749,
128328,,95974942,,47627980
128391,96499066,3535414,63411282,7758024
128577,3649805,98682379,8951853,249080256
128771,96524060,1019700,252448062,5240156
128780,1436403,1514715080,5126004,1790167755
129020,1437750033,57224141,1734964777,234029147
129215,54736071,6789892,253787262,61733592
129367,6846774,7541215,61966787,94616694
129543,8230374,11734197,93082201,71872847
129695,11678404,13147164,71094409,56564274
129729,13077240,4850997,56590886,10625585
129756,5585989,8170400,10355262,90330168
129808,8463268,11597231,90562780,49209480
130004,11880018,3598165,50684223,24256809
130040,3653902,3720086,26062888,15711769
130217,3898899,12093457,15668136,206341642
130396,14225569,99948204,207423051,262202130
130493,99189850,7889809,271869724,41226600
130606,8240803,,40788469,
130624,,55325261,,204074045
130776,53453889,89396,206537876,3380558
130882,105500,2581080,3765496,21034045
130891,1791150,1255389,30192173,19401437
130907,1306541,3272324,27008266,47532637
130916,2988690,79010843,54477519,135181134
130934,76595659,79030401,140352624,91037876
131399,78710264,,118031336,
132374,,,,
132523,,,,
132675,,17034214,,125796766
132693,16279807,56001765,123030456,250770829
132709,55853440,8444037,270510394,88950404
132851,8089299,318760690,90262277,1020178630
132903,305695878,,1087877190,
132976,,3745499,,57799431
133021,4320658,,59066000,
133155,,43321373,,172055986
133386,43825382,26416099,171847653,145346535
133508,33074412,105853913,158099038,522742986
133650,79968963,191032174,593983960,802779369
133669,180553309,48000071,853265389,279897702
133702,42497091,350531586,283256443,806210686
133951,350237458,1524718,876576070,23768480
133960,1141272,374491076,27975599,1931172569
134097,431575035,588311000,2049561010,2297097000
134130,638115000,,2369297000,
134291,,,,
134307,,10340004,,100111635
134343,10263170,13988439,108243281,233573582
134495,12051500,19288232,244365984,265088493
134608,22019667,4983572,270162340,45654014
135160,5306206,,48530799,
135179,,4072088,,71912086
135188,4599052,,69778010,
135267,,,,
135276,,,,
135294,,7294778,,100149313
135391,8864267,,101184255,
135407,,,,
135522,,,,
135647,,90151282,,979071188
135717,107339284,,1096231657,
135735,,1938959,,30586882
136145,1234533,189310701,30250477,376003510
136172,190695124,7256367,386898714,134346064
136233,7076881,,135996192,
136303,,25771148,,226004009
136358,25108932,10506403,250408188,148473886
136400,7824223,15369966,182276776,66269671
136473,14572151,,71341101,
136491,,6736865,,74759274
136516,7152113,,72701544,
136659,,,,
136765,,,,
136826,,,,
137023,,55909854,,310061031
137078,57573827,,317412742,
137087,,108747631,,123504675
137096,118155209,,129875961,
137120,,18320525,,184322495
137209,18665422,,198034196,
137245,,4623108,,67672709
137281,3999145,3486745,69948640,75349321
137315,3907662,329103325,73621152,1063630190
137351,324273122,,1068453090,
137713,,30105257,,133540169
137759,34028891,,137381354,
137856,,,,
137865,,18818504,,246917237
138187,23381166,,294262328,
138284,,24055792,,215795540
138354,25281423,,225454221,
138372,,,,
138479,,,,
138488,,,,
138497,,51970968,,31041238
138558,51506844,1849372,38200511,22220231
138682,4602787,6016094,30948514,41566779
138691,37339709,38393551,38953609,97723159
138716,37993981,83766371,97968208,65642541
138789,115367709,1993344,68421492,15382383
138840,3903813,2525201,33088148,15543874
138901,1816014,1927675,15648112,34017427
138956,2162328,40575473,38765935,79705720
138983,39720282,4136319,79238477,36760933
139010,25162453,2543104,38208234,36334227
139250,18366961,2988430,51341600,54692559
139278,4026561,52703426,55079210,64011309
139311,83213309,1563627,68317833,15902973
139357,1808415,72604792,40355378,83318369
139366,104512242,5077884,81435601,35470499
139384,3134611,9686120,45359980,28675407
139463,9869963,2098848,29932224,21976117
139621,3130696,3304695,25512054,41796308
139700,3434126,72412053,41582474,64525276
139719,90012855,,64244634,
139746,,667885837,,1156377293
139755,656476026,45877442,1278529742,44778187
139764,45489616,17327924,47868866,41423016
139773,17150039,121890998,39764199,65550888
139861,120526764,11036050,67826497,44028780
139904,11634940,210668112,65264746,297062797
139931,198011317,388295121,309751918,504479206
139940,406063615,399183165,531153207,1423241715
139959,431928698,37740818,1487507132,37753393
139968,37023610,1941258,52082608,22588815
139986,2245979,6703260,27902871,37327585
140012,11063874,1093235,38595865,22246809
140085,1541680,1565483,24574191,21628436
140164,217300825,156983680,212758734,171184800
140243,2935914,3765734,26339807,26175006
140304,1893189,1669332,36126535,36574423
140322,17965872,6311464,81733329,80302171
140331,13061178,5461366,85536077,72436472
140401,165521163,151729868,339541079,337146810
140483,66073220,66212997,75575352,76742871
140599,1484778,1802707,32014574,31301045
140669,111967261,53088457,82816656,87923387
140678,1770392,1714545,32273517,31154484
140942,2201526,2157321,49507554,44930482
140960,59050496,58750029,76483121,75748255
140997,32258459,17273654,11186932,12469204
141006,1937672,1370897,27829062,22599384
141097,101330495,63873445,97950267,64829593
141158,783742,742823,24555317,24835304
141255,2547215,2684966,43544843,43322897
141264,230004146,232025303,140709274,131688935
141307,781995,1018517,10720001,10658088
141334,130947613,129504267,139776988,128319439
141565,44794131,44962199,212976320,191421086
141574,641630900,475685503,738785620,685356332
141680,5716961,5977075,16268057,16997311
141796,9008354,10201180,59955372,61763778
141802,2070527,2704702,11239579,11291364
141811,10414722,9840070,10961838,11335340
141839,4902648,6700681,84337984,80770455
141963,440693602,267278567,342404885,359110739
141981,78198612,22306086,97643118,49582709
141990,3589256,3346224,72628580,73853886
142115,286706392,291766549,316182725,295224780
142179,1464382,1119119,26456308,27106758
142276,100188866,103031624,190901906,169536346
142285,204083508,208254578,402353832,380286428
142328,15526512,16210179,61583161,56055093
142443,15728337,26393038,53593536,35090162
142559,11172830,9650666,83160436,79755764
143215,85282622,75317484,93617146,76398542
143279,28077356,32861597,72001700,62080343
143613,40389856,39398263,16559556,14718079
144005,35376239,39106805,148738043,134717190
144157,,,,
144166,,,,
144175,,,,
144184,,,,
144193,,,,
144209,,,,
144218,,,,
144500,182688775,164784671,824196424,793918693
144564,6665962,4741317,51852966,49964501
144865,314955759,331006657,338242193,292082346
144892,170465264,179928338,213013735,197960707
144944,235264499,165244483,102605171,89931176
145336,44729957,48877968,87867001,78188998
145521,16278393,15305538,25728776,25135631
145600,1110760557,1106709542,1236384491,1109476193
145637,1217395740,1270770067,1674156168,1399100265
145682,93630713,100548614,152206508,139570933
145707,,,,
145813,182658789,178977195,452385725,419818204
145831,13640362,13745334,58381386,57230625
146205,33845442,33939091,64745338,60399091
146278,16959058,17071263,32274442,31113092
146296,207163000,199174598,103008072,85260671
146348,20471165,21212177,32144957,29706469
146366,32337698,32368289,37699990,35438849
146418,34715337,29121247,36322746,34759038
146472,113087723,109753540,147422439,133522359
146506,32228033,35502591,61537509,58669972
146603,126537339,130145207,81303075,79935782
146685,76255782,74489642,61948509,61632918
147004,36356655,38902856,62920109,55797690
147378,116333993,114172009,166642662,165269305
147411,16407272,16754169,36423381,34650644
147703,375472633,238231834,270064780,254288466
147776,55080055,50200622,129986200,111829457
147800,117643837,81959764,152593241,146066951
147916,85919050,87453497,76725718,70616832
148007,27366097,26664002,31261903,31426254
148256,21856388,21029394,28494520,24660756
148292,23689071,18202370,30324753,30998057
148380,114501401,109954305,52811548,51420664
148654,79718402,76000931,71443262,65899955
148672,12916055,6400528,34861526,32157018
148821,14135638,10426379,24029302,20888558
148937,11030946,11492682,14678509,12232841
148991,20253108,20313693,2932432,3193706
149222,301089726,310744163,425667274,374456143
149231,197803453,204484254,202281947,171052970
149240,1001754,1124558,444204,342210
149365,43156349,41396638,18202601,16744898
149532,22319396,21579484,67319574,60329622
149587,370823886,342783067,207476397,211069663
149727,125600195,130663357,94937607,82517239
149772,131233928,97760037,164925574,140792829
149842,259441374,259363128,210653522,197691468
150136,249825443,236324602,661068665,628765557
150978,31479022,33481978,26070255,26070255
150987,61696517,62972357,20423037,20423037
150996,2090951,2070008,16404566,16404565
151005,22027123,23519065,15318412,15318411
151014,8751790,9388922,1195983,1195982
151023,9361785,10607707,35577229,35577230
151032,31120245,35205417,20480361,20480362
151041,20709376,22652730,1865643,1815815
151050,33078941,35719618,26951712,26896932
151069,23740050,27259459,16121908,16093348
151078,23533671,25265016,25565677,25534822
151087,39000959,41301381,28081275,28081274
151096,18924685,20005345,9812894,9788612
151102,170412354,162252584,137916870,125744510
151111,529069960,517538023,991587927,920994882
151306,162643152,169023634,125797267,120298191
151324,144063203,142399341,349429155,319762993
151333,17965112,18990371,26801227,26285179
151342,69058268,70942126,90782221,84385264
151351,884663552,895298982,1727099069,1534887071
151360,29769233,30362805,48565526,45047622
151379,55852692,57977844,53385412,47687644
151388,11196313,12230222,20779311,17579385
151537,,,,
152248,77387247,76773439,107130494,102493720
152266,3834874,2741646,27979578,25619273
152637,80428130,85734229,246509802,219946711
153214,162910095,157404786,101637213,98588207
153296,20008114,20621833,12670097,10294378
153311,87341739,94325701,80208186,69608483
153445,45380179,46459202,75150703,70097851
153472,23228128,26142940,60786876,56214009
153524,52785425,54435362,32865054,31207150
153533,19263786,19949219,32190421,29586937
153603,734233617,705785411,1100316920,995687908
153630,107192581,95950770,50269177,45446168
153658,1632896000,1526134000,2865497000,2611708000
153737,152454942,140210907,105242171,103165020
153922,34808636,35112852,22042497,17528264
154059,19062274,19546259,35629744,32805143
154095,192455655,184651958,331550610,324535024
154110,89945320,89724452,28681050,21806469
154129,14771951,16783157,25151419,23365524
154378,21348954,24544462,25809580,24159643
154396,21058467,19200858,17043512,16241094
154572,42599563,33257477,40628739,38020550
154642,4533063,5176348,16724410,16055418
154697,10350898,10786157,25623972,23057578
154800,18944718,19221036,43059856,40752403
154907,8180418,8222610,14748251,13661873
154925,9819251,10977493,8549979,5001905
154934,6408079,6682735,4066713,5000875
154952,16762364,14581128,32661868,27067014
154998,11455525,6640339,13362565,12551637
155025,36030735,36094613,71134854,69205744
155052,612197,616206,3709274,3157100
155061,24078346,22919595,108322051,95099045
155098,9062727,5013205,8295665,11992911
155104,13888965,15693533,19851937,18849284
155140,0,1,0,0
155186,5143603,4372317,14683394,13550438
155195,25859301,28782345,44561331,43612433
155201,9475574,9133510,6694493,6394004
155210,59644588,64170162,208921154,213950604
155292,45448805,16948471,36469540,33862799
155317,605717010,574019429,1021802750,933777159
155399,360018512,321534681,513140703,447492782
155423,,,,
155450,2327232,3009712,11127204,11177053
155487,1174534,1091023,3123095,2955822
155566,9868742,9946191,6335389,7109108
155593,1141186,1156543,6934000,6857372
155618,502427,504642,13045887,12584681
155681,52104671,49695779,107830819,102421790
155715,7559336,7825176,13124350,12521980
155830,500233,338175,4171146,15152437
155858,11498630,11525896,33556001,36113977
156082,33752509,38199797,142574960,131687814
156107,7365858,9535029,7575175,7551969
156125,68361782,70839012,208890615,190027455
156231,,,,
156338,,,,
156392,,,,
156620,99946250,105363912,320421311,253006090
156648,,,,
156790,,,,
156851,,,,
156860,,,,
156921,,,,
157058,17117182,17981262,115979215,105396228
157085,1142694648,1154663712,2632162398,2389976953
157289,470401000,480004000,804502000,772347000
157304,,,,
157331,,,,
157386,70767401,75099066,176025501,168362082
157401,73484256,77044399,220174891,207764186
157438,,,,
157447,130973000,137908000,318439000,274900000
157483,,,,
157553,,,,
157711,,,,
157739,,,,
157854,192548478,164932392,879228935,824670328
157951,171291378,176928598,377566333,352980014
158088,7890745,7235923,-380508,-284243
158352,6959117,6662534,-1099087,-1650510
158431,16889237,14468445,-6920943,-7659688
158662,57542264,50783667,32829350,31996839
158769,4025875,3979986,4948639,4687281
158884,5539978,5371793,17082623,16024005
159009,143612809,140039829,71397803,72950825
159373,145689897,131705174,286271283,267638230
159382,17387426,15276877,22361472,15489986
159391,850596870,813153117,699923859,671242333
159407,16180447,14311383,16558267,13776564
159416,12163278,11037542,27891464,27189409
159443,13012554,12216248,6864105,5706987
159638,13562382,11964485,69202661,74668322
159647,139597618,134519859,193031594,161366259
159717,63999798,59215480,86417441,76204580
159939,131497339,126125712,143815201,136646125
159966,106891100,92340920,60792438,52997235
159993,130116971,124072810,90034937,85770860
160010,7425432,7372188,6410231,5652797
160038,45784824,41287673,77352372,70061859
160481,4154737,3473034,4830424,4557194
160533,3959040,3334896,-2238996,-1717988
160579,7154753,5828898,8026601,6745742
160612,185865322,144777979,105264926,91195058
160621,125182544,128570302,104099498,106419452
160630,60900013,54730370,44693532,47436132
160649,28375047,25872612,4915873,5281347
160658,255792769,106761214,308822575,274397617
160667,5641203,4996145,-348438,-488648
160913,6118073,5833002,2653307,2461449
161077,7428517,7415023,17962390,16425422
161138,7715424,7826993,23251170,22426539
161192,3116177,3475344,14541705,12249002
161217,6820000,5694000,43645000,38816000
161226,17020000,15540000,55093000,51796000
161235,9268000,9175000,11181000,11112000
161244,6940000,7004000,10105000,10079000
161253,120835000,123616000,405673000,360109000
161280,84821000,83997000,79159000,67147000
161299,8052672,7174983,49436511,46611191
161341,4592000,3791000,26406000,24492000
161484,2620187,1645954,13049801,12534458
161545,16316253,16636179,34629829,32565163
161554,105250000,103254000,156112000,143655000
161581,664803,795334,13197692,12641618
161688,4296524,4736505,37731173,36604339
161767,37592613,32989124,74185687,82261966
161864,12232823,11290389,89745747,85017783
161873,45561939,48613079,84060819,60426657
162007,30496375,26470175,151632740,110828750
162104,4462103,5394537,51426087,52395116
162122,16862976,13878303,92118851,89771773
162168,5851135,5731194,52406760,51826518
162283,43079555,36969299,236114615,239410207
162557,16770552,4684217,68312942,67878678
162584,37490526,27554430,82677568,74315902
162609,3139031,3232537,27242714,15906391
162690,9178470,6702095,79963445,64570095
162706,6513254,6962082,94091505,93476036
162779,27622816,26385022,164642150,157827395
163204,74232599,67352167,324123121,277588135
163259,304000333,305415691,793234425,743323539
163268,145199892,135456359,228007039,195177473
163286,551559099,561832792,1636084220,1492754410
163338,64913211,68308149,137548998,133972132
163426,85466556,87734452,408237917,377812237
163453,102183105,104701465,320501755,284648655
163657,19051911,19004773,145954218,128287517
163851,107465034,74030323,263498594,228737189
163912,46623566,50635914,119188311,116724458
164076,216932350,148518382,498342681,435611907
164146,128183750,183333077,177257036,156752614
164155,,,,
164313,5894104,8160436,77716722,62306473
164535,,,,
164775,4500788,4429724,11560240,9705218
165024,111584330,67732281,82934113,72808406
165033,8955829,7614731,31385872,27846650
165112,20129677,19898205,36147063,32376659
165194,6243996,6579926,18365642,17169356
165608,,,,
165820,45437505,25895542,80129966,66941564
165866,49811011,37652706,67025324,63509572
165981,4518687,4053799,42709522,23298571
166133,13548676,13880897,39252096,33889190
166513,321831000,218475000,213469000,182289000
166629,936484000,762530000,883816000,815916000
166638,384595000,201303000,248634000,223634000
166647,7399845,5960236,11818581,14642095
166665,114493000,131595000,109475000,87762000
166674,20497765,20778464,32996906,27163761
166692,13889726,13131292,60512784,42258293
166708,576981686,547025198,443737588,447801504
166823,12017205,9175185,26936229,22274306
166887,18533396,18222543,35965882,32728743
166957,13614676,9614749,18346732,12941741
167288,8786675,9125890,28556082,25346468
167312,21559561,21082509,60617683,41874597
167376,7827869,8237568,24710941,19968389
167525,5684322,5235645,12407527,12290498
167534,12447270,12924968,32369949,33576776
167631,5277410,5823094,28628756,29544943
167729,32394574,30659560,87967028,70236330
167871,,,,
167905,17386987,17991344,37096908,33577042
167987,284350000,228869000,78678000,65119000
168263,23239158,17973570,61557585,55120861
168430,26053834,26493494,87162957,82517422
168607,5453270,4794165,15842791,16107962
168883,11287021,12616011,24370641,24031053
169248,249434679,259674436,634562259,545292205
169275,71338379,80857231,106656969,99929417
169521,7571084,7512379,148566952,141572941
169798,330997250,335635675,255766039,231072256
169910,166708156,162412476,295355325,250831671
169974,4496804,4903741,12194801,11659238
169992,5495443,5791749,10633493,9999972
170055,71475029,74643484,110628883,100087420
170082,350750853,328331371,589076218,538757542
170240,56664655,58481347,78140861,77107773
170444,45327794,49208941,62299103,48424369
170541,8391509,8322750,125098940,122847245
170550,15406759,15807231,61961191,56882353
170587,4783764,6142555,15969401,16189855
170620,11456006,11599072,54395920,49604548
170639,31990418,33219194,47958386,46934537
170657,72006499,77813280,137988429,130448653
170790,31340407,16322781,324748804,314964760
170976,4678454000,4298007000,10560068000,9016385000
171100,1410857888,1375797861,2724532091,2467778487
171128,107438000,100967000,200067000,200990000
171137,30337000,31351000,167714000,162468000
171146,23081000,23411000,196480000,184135000
171155,6073809,6328066,45797244,41936550
171225,3056247,3201824,39959981,40884482
171234,5056196,5849848,18943124,18844033
171304,24794023,26830663,29236888,27439357
171395,9691964,3958401,32688319,28928612
171456,123371229,135111461,225135831,219277330
171483,32239536,34215928,58197393,56328588
171535,28040861,30746573,371577772,363107032
171571,180528481,177020829,355495486,321080996
172051,159415697,161542547,216334269,201758300
172200,14024953,16303616,136853966,131117535
172291,6627091,9345619,53895713,52135727
172307,26784707,26367524,45965671,40993059
172422,,,,
172617,48438619,52751068,134267870,127096354
172635,22411519,35739332,251012244,222096097
172644,707846223,697678982,879055633,894726532
172671,2013006,3464581,37889378,33506538
172699,547637000,488712665,358385526,328175223
172918,12120000,12966000,25543000,24559000
172954,7224000,7191000,19945000,20833000
172963,24644000,18313000,51812000,48165000
173063,9016000,9147000,20290000,17957000
173115,3566000,3647000,7728000,7138000
173124,42484000,37026000,62568000,58972000
173203,13382000,14213000,32530000,30988000
173416,8575000,8843000,34561000,32107000
173461,16298000,12857000,40857000,31172000
173559,21882000,17714000,40962000,32370000
173638,9737000,8612000,18506000,14894000
173708,18088000,12588000,40895000,29472000
173735,8351000,8693000,20681000,20051000
173799,16262000,16079000,43108000,40442000
173805,7246000,7158000,8977000,8332000
173911,9654000,9254000,15971000,12701000
173920,149460000,120427000,200101000,187101000
173993,7048000,5341000,12169000,8498000
174020,27396000,29984000,56123000,57947000
174066,1673445733,1526128112,2840848153,2541181654
174075,3399185,3335776,47197814,41393366
174136,39218000,38903000,98484000,94074000
174233,40436472,41135447,347676323,353849970
174251,5254991,5930398,80138495,66923784
174358,70444000,62113000,98732000,89088000
174376,18588000,14920000,55841000,46556000
174428,42264000,38457000,60561000,54236000
174473,12267000,11844000,33070000,31675000
174570,3303000,3035000,8554000,6626000
174604,1428000,1213000,3804000,3262000
174738,16130000,16365000,67451000,66870000
174756,16864000,14665000,47793000,42575000
174783,137919000,93644000,174542000,163661000
175041,29666000,18472000,49715000,46127000
175078,33357000,35338000,67248000,65823000
175157,2562000,3079000,7308000,5832000
175236,12137000,12993000,32878000,28901000
175263,7464000,7847000,15994000,14822000
175272,89826000,92287000,157979000,150606000
175315,30932000,30371000,56443000,54160000
175342,57088722,61392729,134918786,130962993
175519,2626388,1580329,40677075,37209285
175573,11841651,11533450,36637459,37540924
175616,29915382,14028330,98155373,92865415
175643,3548631,3790485,24978635,20657594
175652,5646594,5791341,54625350,46574285
175786,60063094,61241185,135701981,132366382
175810,14990971,15207916,37205686,36390002
175829,18493934,21321321,85990639,79156960
175856,122140404,118367191,198463111,180222020
175883,23698115,23637415,71642714,68664550
175935,5037507,4702758,37815412,34352523
175999,38575044,33802660,61061969,61362662
176008,3709357,2830639,44039410,42131028
176017,188612730,197939376,797227042,722860789
176026,335263308,362936026,678770064,688266496
176035,6242733,5792109,96199894,91082123
176044,23055712,23487171,56787847,57071449
176071,34232296,63064034,157399249,122026689
176080,234729423,245221358,674692505,635367129
176169,5617201,4258912,44355505,40145870
176178,5952184,7242464,95309418,91268192
176239,13903298,9157040,92525811,88841419
176354,2191308,2270385,45214272,40253586
176372,203167962,205033460,392942493,378963822
176734,,,,
176798,,,,
176965,97335170,99672508,188776921,176783562
176983,,,,
177056,,,,
177135,7451874,8347414,52794449,37359628
177250,27266500,27201012,33005460,33587081
177436,,,,
177472,15760520,13129837,26291650,21986890
177551,33711341,22558899,37752145,38487661
177676,28436642,28564789,39340151,36070313
177807,,,,
177870,,,,
177940,32491956,33195880,76379489,75479043
177977,11182641,11928098,43335144,43100337
178129,117084299,121564911,126710966,123314689
178217,20889466,16006074,19633905,19525522
178341,33982294,35680417,89234120,84234244
178387,63136531,50356286,81882997,74883821
178396,1304767318,1132787639,2489082061,2305220075
178402,238599857,191999342,412434421,390424139
178411,128710831,91539588,376680616,339992137
178420,98664539,100389251,317685140,289881794
178439,1416555068,1024080819,420361200,355216957
178448,4036732,3592685,28293268,26889424
178466,,,,
178563,,,,
178606,,79735798,,229065010
178615,75805117,97949115,245532440,102142256
178624,94129092,,105128723,
178828,,,,
179052,,,,
179238,,59941528,,165691083
179308,55428701,1490349,170596917,17791754
179344,4202333,2322430,19404235,28860369
179539,3111800,129653523,30469913,281972995
179557,186376306,128781583,296310266,378002837
179566,158681463,8094339,401148470,15722405
179645,11263791,5778944,18619532,24281324
179715,7638585,,26085545,
179724,,,,
179742,,5902240,,8772365
180151,5988986,864992,9028953,5829467
180160,2354155,29199803,6665868,61244649
180179,31195101,21057780,62409681,17719957
180197,19741233,229323,20345159,8269670
180203,521330,3065274,8980248,9177144
180212,4205401,3487730,11651909,23187804
180249,3918703,2555430,23577264,13552482
180276,2930194,1073483,17806704,18335045
180328,3317137,3159602,20779920,5814362
180373,3476182,21198007,5603841,52203358
180416,22746445,213516919,54460124,220347600
180461,218731511,204929641,233661871,178299176
180489,208096346,10377194,186961663,15582848
180522,11266174,10390776,17780829,10552661
180692,12554985,26951192,14201208,51350153
180902,25782427,9415699,59220533,36674690
180948,8640555,39851656,37966409,129171923
181215,38866311,24627503,132491894,105014791
181303,24527566,4614944,114003407,23961116
181312,8818438,159097073,26444989,202801206
181394,149540213,575736,217866806,5373671
181419,469389,96627916,6167382,830985657
181428,93338336,439171820,890100904,963622573
181464,435036255,19870061,1066271743,64779241
181491,16058020,5237755,73154365,39151847
181534,8980564,4383597,41891845,86132293
181640,3959539,22410274,93452484,103262111
181747,23439972,471326,117860930,5666491
181765,1950294,13600343,12918274,75756801
181783,17901282,14351566,82005328,20935287
181817,13566902,15865000,24824748,274021000
182005,13192000,307041000,275097000,827754000
182281,299898000,328353604,852422000,679339240
182290,364291499,3355000,692990319,45516000
182306,3172000,11601000,46152000,85783000
182500,10710000,6484000,90515000,48697000
182519,6530000,3198000,101651000,42986000
182564,1755000,376260304,41145000,629241490
183044,375294669,113283061,685899227,120715988
183062,109910128,1185877,130249358,1998887
183071,1154437,104187116,2830434,77774987
183080,100973383,5081420,86322925,45506180
183099,5435665,537513,46525591,10099832
183105,1529195,555123,9338370,8647266
183114,928879,630287,8133940,13497129
183123,1275961,957968,13503235,25887664
183132,1885469,2465446,25548348,22840744
183141,6414722,1367996,23476161,26355505
183150,5735840,2814924,23166673,6451671
183257,3075645,89047540,8299803,53432393
183327,108422561,10454796,89388020,58626898
183655,10893714,33813271,59137441,140608022
183743,36247078,62792846,147165322,135049733
183859,60445917,19678097,131594119,99926649
183877,18774094,21299057,110905097,94674637
183938,37924132,,87299036,
183983,,12077653,,74164406
184180,10467143,3884657,81607554,52451116
184205,5342000,19500114,53633182,126611436
184481,18919842,409919973,131518457,172741633
184782,550009387,9000716,181397981,43694410
184791,13286518,10126869,44534428,92550016
184995,9499196,138998412,109996184,97696097
185129,167222076,369592390,96975120,165036052
185262,383097265,11517087,179083581,56373909
185509,12439125,19138323,56668746,87374335
185536,21248910,428065000,93844148,298590000
185590,418550000,201785000,320441000,192099000
185828,216574000,24931295,211204000,71554752
185873,26723111,7771016,80040510,58893901
186034,9511650,277975000,59374691,73831000
186201,261734000,1066870000,103257000,2426600000
186380,1454490000,1052060,2636769000,17247630
186469,1073403,9624382,16444072,67033503
186645,9257633,292407978,63989781,156793825
186876,287353517,14493750,161425983,48202142
187046,14898453,423536000,47067820,332001000
187134,418477000,27661817,341041000,98835621
187198,27619210,1067578000,97200500,483015000
187222,1042629000,210366207,483483000,261555880
187444,204873803,67407224,274548328,224167940
187532,60180170,9055667,232795805,21224853
187596,4345776,2530816,22095732,51877320
187620,2126585,2838555,51490125,27121632
187639,3023893,25129062,29290462,89711656
187648,25569856,8027946,101301544,49326521
187666,7800946,12595372,51384958,52027416
187745,10536172,42924667,52214511,72621858
187897,42079233,6535532,72663504,73613487
187903,6412805,6747786,76715170,384906067
187912,5932040,,459964496,
187958,,35167527,,232945688
187967,30805311,,235898211,
187976,,926504606,,1454119219
187985,911135509,1173005,1542653939,18168944
187994,710304,713984,18719980,9583502
188003,1162328,296453,12334250,5428107
188021,198837,245310448,6640402,436799651
188030,233318315,,469479852,
188049,,2517745,,28994444
188058,3011764,33054997,29093224,72204951
188100,32109565,32072141,73907330,76096635
188137,44073571,,77176059,
188216,,,,
188225,,1061128,,19376336
188261,415026,10473369,22599222,40619395
188304,8870608,24991812,43270967,19843298
188438,26558486,38487670,19427494,14899135
189547,40961134,28455586,10690926,4182909
189839,29030681,1161127036,2988758,74488326
190035,1485390513,17083526,463478821,-738943
190053,20332217,36847864,-4016141,-6306793
190169,38447174,32148224,-7137862,28337883
190442,33877353,422018173,28600077,-3064205
190512,379863264,150834234,8245494,83372230
190521,195249046,55114534,36222033,30808239
190530,93688610,332061445,26876730,47808992
190549,363402140,380186899,20686526,-139583337
190558,224265968,629438062,-10842636,10334508
190567,647528120,216996129,56609331,-9521932
190576,165785904,95290495,25785903,-12181325
190585,68560953,305727729,5965009,109452961
190594,390034203,367869303,24146350,83804207
190600,552655343,67799808,45086964,54934923
190619,110172707,127692101,9847913,9398386
190628,115044548,183270570,15039125,12839970
190637,216346760,181677097,-11711506,60544533
190646,256396175,107958544,4514326,-8306631
190655,116663416,363700189,-4212112,46108865
190664,395157494,25677522,-15736200,23382794
190673,39955875,67422672,11538273,4979868
190682,178268293,120312659,6773150,27521058
190691,142420911,78429287,-5620751,1956148
190840,85629824,64044042,-3352509,-6706447
191083,74927228,76819149,-10983733,102498571
191126,90974170,15694794,107871144,33439908
191199,23830293,13909876,35173389,11083486
191302,14697738,14389692,11241726,31654017
191339,16412032,37097829,30592244,10352910
191612,40883541,147242121,7116229,32785536
191719,166618214,51535807,33144806,37819227
191986,51185262,32158896,42022907,5675338
192022,35769097,,4515350,
193122,,53221252,,16747124
193283,64776812,111745916,13638836,66862085
193326,120300316,443296657,65539069,-253681995
193478,463582461,65963272,-256916203,-8461771
193946,68887619,3235757,-1133611,4108736
194028,4732362,117030609,4560411,21234679
194222,136097004,128499095,17641092,1791575
194240,135630660,,-3368546,
194259,,81529270,,-6822113
195058,88961151,40790590,-13770860,-1222110
195322,44468218,1387421940,-1097361,-683204289
195827,1822578723,21825296,-804161122,912350
195988,24549861,93879598,-3935142,17006139
196006,100402845,93049314,15613965,6319014
196015,108405723,83683672,10551308,15310175
196024,93125982,80710321,17801853,15222387
196033,97465137,175997410,14730023,-8174778
196042,184079472,97955967,-7255909,17334962
196051,110245874,535756225,15745408,98801483
196060,679135521,606314233,82911954,141586512
196079,710520150,1099144049,158529676,-57724356
196088,1256681215,1769595819,-61029404,351554174
196097,1875701107,108104663,297628501,-3084422
196103,116818202,126566734,-6445935,-44828114
196112,154601474,217932216,-43272037,-662891
196121,273843442,250307648,8966202,12123373
196130,316387947,200451745,-4642007,19512349
196149,221928006,173007275,14917584,33230853
196158,187871110,184666721,40906801,30007118
196167,199192703,257152015,22703337,1055643
196176,278115245,182566183,-8662482,26747139
196185,211272779,258972108,15228602,33218757
196194,283949633,134387593,28125677,-5173693
196200,158183877,161888341,-13495204,40794375
196219,180300615,57765634,33921373,68750350
196228,63894169,157991056,63078062,598202
196237,185181383,161139304,3307895,7922976
196246,184392961,804508694,7737028,-75987701
196255,1279558276,83253862,-319186252,-6918307
196264,92287912,96022015,-25866685,8408767
196291,108495855,840130878,11432731,-32070857
196307,926091758,42736077,-104420645,15403526
196565,45346088,37866843,13425159,-12116710
196699,37631769,,-12283554,
197027,,,,
197036,,178670798,,31821210
197294,186590913,1463642,22723378,41282162
197814,1427797,1485393,42048481,22497073
197850,1423476,240866324,22953746,364325076
197869,291802392,5035658,381048555,74055878
197887,5799396,968105,72896992,17008527
197966,1060746,823938,17479256,9294396
198011,724198,1360693,8944434,30941744
198039,1403570,846745,31892853,45341670
198084,951573,2483429,44726879,40296639
198118,6855196,4681224,42272831,117855247
198154,10528375,1447753,139790663,26001842
198206,1416020,3689173,25920957,47371437
198233,4263468,4150558,50256600,40420145
198251,3580569,22679699,42561113,287293320
198260,23854589,2403714,294277351,23274392
198321,2363856,2253850,23725439,34768258
198330,1533672,2136604,36963634,38030198
198367,2336654,3448252,37507733,36184590
198376,3146744,2784159,36807777,44797882
198455,4133498,292414853,41400258,801748653
198464,266051644,2350092,861499252,19949705
198491,1596222,28957049,20764822,119840256
198507,43410898,4572180,135144389,91385718
198534,5289681,14157620,93974319,121275634
198543,12114214,5508499,124248719,69932962
198552,6864929,4144954,99369195,68045536
198570,3730081,5154422,72642907,176743441
198622,6036613,1094074,196335062,15945842
198640,915434,1372527,16210152,33623405
198668,1405538,1693753,38646632,35151792
198710,1674174,1163868,36448104,10764518
198729,1110861,4949248,10781316,51881645
198774,3947896,2008420,56100821,34632747
198817,1919859,465567,35388194,9831881
198905,501584,946110,9834540,15111665
198914,937576,1508777,15073654,9643345
198923,1468590,1852929,9849021,39590609
198987,1854765,533196,46308380,8271752
199023,539365,2277364,8325785,21294661
199087,2142252,39642819,19614257,358793914
199102,40270251,30651408,371096597,164542040
199111,57816127,2791887593,182204568,3711597694
199120,2937005852,249074908,4102958532,730472395
199139,307345534,193338972,806000843,581980413
199148,249773731,112378405,640757122,220037068
199157,129840905,14212117,227393564,138485432
199175,15041727,13715026,138091121,106903298
199184,13218077,680405650,110675074,1514253038
199193,775341096,262754668,1629801833,351039403
199218,288832224,367249,370983978,8824375
199263,359158,41634935,8664749,112694195
199281,41120806,1879015,122444577,14668247
199324,1871638,3178073,14600104,52224282
199333,7405066,1764222,63753785,25347823
199421,1394235,1565564,27280228,19847961
199449,1479004,747396,23041839,8458585
199467,495239,1751286,8024035,25671923
199476,1616309,818531,26027149,20380407
199485,808535,27070298,21150417,50920214
199494,25922797,1312918,52579751,15956483
199625,1213445,10947109,16267509,54752730
199634,5941293,2256035,59709639,17533904
199722,2397796,2014032,17598428,27679858
199731,2259317,2021291,30772603,12494464
199740,2010922,1780016,11797661,28718508
199768,1275318,1462944,29401065,33140095
199786,2121067,589061,34361920,8546818
199795,555484,2465556,8828155,33899997
199838,2091781,8206962,34609492,155199520
199856,12606370,1541011,185653017,33903506
199892,1556864,1492846,33620851,18162081
199908,1761436,3232328,19041478,31901874
199926,3049000,827085,33268389,14426845
199953,768490,79881961,14432443,121411044
199999,78128731,110460998,120888718,311589894
200004,130601203,11239160,342084333,31785203
200022,12050765,3040748,34877681,46942337
200059,3132552,1976545,47800611,8631825
200086,2294763,2868124,4649987,6595987
200192,2796237,398219,6662186,12637307
200208,740619,15127649,15642983,11493176
200226,14688697,23991644,15906634,74676380
200253,22462890,149385150,75839993,351910110
200280,146439630,4191985,379182055,31026431
200305,4582890,769531,31660462,5947167
200314,710140,181335589,7107264,227903766
200332,184594917,2000636,260256417,15867678
200341,10715719,2251061,19567890,21977462
200466,1629895,5396977,23719780,10592865
200572,9490491,537327189,10966037,463598042
200800,529133677,,496596844,
200828,,,,
201034,,,,
201098,,,,
201131,,,,
201159,,1071799,,18383783
201283,1210856,202867522,19156173,388259563
201441,188777604,,459535376,
201478,,,,
201496,,,,
201539,,8520723,,43077634
201672,7383374,19023972,46624805,77255079
201690,16606061,,82391538,
201803,,1411498214,,1684249570
201885,1447091629,61284485,1933469618,62562971
201928,60949559,,65690939,
201946,,,,
201955,,14195070,,34912648
201973,22089404,274208820,40825973,337059117
202134,273752943,,346737213,
202152,,42082780,,283632615
202222,57182011,317379581,287981339,281398214
202356,313035839,9838478,309258619,16886609
202648,9405225,,19236905,
202657,,,,
202949,,,,
202985,,,,
203030,,14941003,,47762935
203155,12918605,2316370,48005366,14462784
203331,2277397,,14970937,
203447,,,,
203456,,,,
203465,,,,
203474,,,,
203483,,,,
203492,,408766000,,588301000
203517,436088000,,680327000,
203526,,33943047,,39111274
203599,43259600,,41646354,
203614,,7887729,,35985980
203678,8372989,25656253,40001515,139399461
203748,26219213,2893427,144287142,7140066
203881,2246029,,10288439,
203942,,,,
204006,,,,
204015,,299868012,,776158027
204024,414522673,,861678467,
204158,,3537353,,23756668
204255,4521130,4938328,24965283,20703774
204422,5003880,4921105,21535956,23837612
204440,5238803,,25084675,
204459,,8380038,,79100865
204477,25816447,451070,93200141,27709146
204662,457010,1294922,26495179,11479351
204671,1377890,1465101,11172328,34187397
204680,1523823,1613090,34844977,39284801
204699,1498700,2282819,41357586,42268330
204705,2528717,2353001121,45107061,4565701687
204796,3035323442,,5091724819,
204802,,,,
204820,,,,
204839,,,,
204848,,289006480,,629630303
204857,279254002,,737024823,
204866,,47413227,,107453141
204945,42254913,,106196602,
204981,,27196975,,88543289
205443,26118368,32669869,91600359,281073164
205470,34799343,8701689,293256843,81447224
205841,33490758,7667145,89284369,22776622
205966,7650196,3399162,24506192,28769541
206011,2901335,479522045,32882100,565343927
206084,451482587,,632766287,
206172,,,,
206181,,,,
206321,,3807359,,18960531
206446,3701582,125015456,19697512,371506140
206604,119715779,,411534146,
206613,,100859380,,203356967
206695,136199213,,193503218,
206905,,36219153,,64035473
206914,36496283,9099882,64320782,19936647
206923,16211039,95108355,22108009,100015488
206941,96259061,9311030,107632669,17280343
206996,9703087,31942025,18920715,54002622
207041,31538656,15048264,58870219,11372811
207050,14955112,21515500,13325619,7550790
207069,21294072,34812503,7900760,87003252
207209,36533484,13720877,94346332,18021379
207236,10422872,72165999,26306536,159630696
207263,71633185,17725277,162220514,22379757
207281,18255929,9678421,24517724,27291771
207290,15718578,10274579,28744342,23602745
207306,11129325,37263113,24123200,57221260
207315,37971980,287879000,59939524,742050000
207342,306632000,15076994,829790000,14303437
207351,14590822,663483786,13633961,804236935
207388,672375292,12287338,846867538,37777583
207397,12427482,38903629,41238767,64344559
207449,52651287,976763000,67600167,738132000
207500,1089788000,17470768,773258000,35046980
207564,18535393,35177494,39589639,32559111
207661,57286404,19407673,36131584,39972680
207670,17435088,10583034,45505746,14115564
207722,8492965,22951742,14667484,2721116
207740,23075009,39090860,4671963,23686586
207847,38365764,25177015,25569009,54301695
207865,39325579,55742248,55627644,104529578
207935,54989400,,108733896,
208026,,5486738,,17738721
208035,5665079,,19222102,
208053,,17866266,,25551222
208275,16968237,67906882,31921955,61562315
208318,69609955,149860857,68170611,157087757
208390,176379758,97694582,171219716,36871576
208406,94496049,34795428,37170547,21716798
208415,34281148,55237874,22904863,20382530
208646,65345323,114111332,21395223,113721925
209038,139630981,55239432,120564626,43005395
209074,53318509,85111000,44319559,35415000
209250,91387000,488987098,32062000,39297514
209445,453414831,1063141000,32615708,1695674000
209490,1086149000,62228862,1870088000,32306939
209506,63142843,544759794,31364342,502896344
209542,616052073,735207397,531067708,533659014
209551,817358522,460658649,625100034,254832190
209746,443002405,393221394,280338515,208588926
209807,446983695,46787135,231283632,24071612
209940,45352606,67437447,26537791,38999642
210146,69106360,45179788,41898798,16704640
210155,44226517,20644651,17992002,8315216
210234,20962213,15246106,13441817,20304928
210270,19997567,100355119,20795799,37662866
210429,110714349,71931546,39687326,85693572
210605,64046648,36966250,91234813,7026255
211079,34525214,162983351,7366932,56546651
211158,166886221,65205172,65116734,53702258
211307,67082898,34583876,59620446,23763189
211343,34168370,155921748,25089661,6164199
211361,177700789,50409182,1821526,-5309780
211608,49118122,84414385,-5523092,15390905
211644,91856040,86294739,14852323,64979720
211927,85196142,129256952,73701899,35752232
212115,132644288,118871825,36514383,12609659
212160,126017743,114148171,13655263,114755035
212878,109859845,193435956,120752324,19608416
213020,232036684,247080146,22993764,97258458
213349,243045694,35389752,105849815,37653075
213525,31751964,71884767,43428618,45031953
213613,73079944,21378802,46752273,49721974
213659,24475381,66735699,61796714,10696961
213783,67844816,132615589,12486992,68159513
214041,157158801,82484414,72989653,76596228
214111,78942862,38053756,88680167,58946985
214379,107253721,38886122,66861050,40946302
214661,40303833,152722848,40113367,84377130
215239,145292970,28978405,85903139,42822082
215585,26799737,,43419319,
215886,,122398213,,67068716
216010,137416056,121040532,72373301,55938311
216038,147937351,3928760,60479596,3093906
216296,4923013,197245676,2945627,122901794
216764,212106194,28553379,141353151,23539589
216825,26112341,68108141,26776935,66639199
217420,63246829,20998993,77248365,52833542
217475,21019493,347628597,62851197,339169676
217484,336631010,3664034,382470531,30368748
217615,3310498,5454880,30531194,24559406
217712,6158368,236560472,25120159,226799252
217819,229283550,1252660,243961736,11108678
217837,1144740,67066377,12180525,110158876
217864,61776551,228940322,115816224,852177648
217882,291552665,1597205,969866616,9238038
217989,2068316,26213657,8395055,37850855
218025,25997243,18877152,41193138,74778772
218061,19934787,58996485,75280226,82543983
218113,56600012,7095371,85322457,69325798
218140,7197999,20545570,79554668,54825126
218229,23202788,318094651,55876685,518438681
218335,327937691,31563446,582198246,100980538
218353,45467340,2588051,116598277,26193441
218487,2117951,4733031,27011074,38310268
218520,4450112,45448787,40562099,48723191
218645,44991510,1593028,50634089,42571509
218654,4070545,469429193,42681494,893026940
218663,501625714,873970,987118043,15003250
218672,885434,468010,13785243,5215095
218681,607369,794308,5423533,11109390
218690,715447,230297,10366533,4063266
218706,308214,111073344,4033912,138823281
218724,113873742,95938750,168294768,64309712
218733,93996413,51570629,68227015,43663000
218742,50014004,14617104,47627361,39750716
218830,13655405,10515851,43723540,35583679
218858,8504905,12591147,36679060,52150196
218885,11947461,23757044,55727772,104914529
218894,22950797,1234387,114507441,4879217
218955,1043448,94804897,5867745,84120340
218964,94778300,5750709,78401353,44147736
218991,5857966,25178668,47414951,45566631
219046,23370648,14226010,68492737,15697604
219082,14033620,2507408,20080719,24411776
219143,1882043,1300109,29894077,14366831
219189,2794113,15473483,17357195,26924331
219259,15817513,7726018,30969226,52554184
219277,7764541,35619904,57856010,51387237
219347,31362318,109461023,59436111,229771950
219356,104964747,906317,262838927,11752612
219408,1223020,1958978,11539985,24654652
219426,2137416,120989512,27570965,173524476
219471,115587176,1246772,200145900,14896589
219480,1391890,,4730852,
219596,,60750819,,142802837
219602,78587987,11295019,158178407,48733248
219824,13308062,5036267,64749223,11806162
219879,5019320,6161017,14287017,30612336
219888,8048894,,34057789,
219921,,,,
219994,,3193148,,30128256
220057,3381986,178472986,30964876,202233449
220075,187785372,,224593479,
220127,,,,
220251,,,,
220279,,,,
220321,,,,
220394,,11151660,,18387970
220400,13344549,,23212989,
220640,,,,
220756,,,,
220853,,173365235,,357710101
220862,181350948,224720216,404064841,241841710
220978,249369618,,297431341,
221050,,6646325,,39646076
221096,7252193,,45711035,
221102,,12401943,,68666042
221184,12852734,,80783707,
221236,,,,
221281,,,,
221333,,,,
221388,,9765689,,46595057
221397,12443911,,51220650,
221430,,17577181,,124913537
221485,20840048,,134895038,
221494,,,,
221582,,,,
221591,,,,
221607,,,,
221616,,,,
221625,,,,
221634,,12624177,,69068015
221643,13520544,72820259,72388870,171006934
221740,74408306,830132644,185618874,2003844020
221759,870771089,93820345,2260135105,90552964
221768,90443332,69279412,116182644,181027115
221838,73359676,58188822,193481479,116125064
221847,64963840,7522580,137592900,53499678
221908,7477702,12040132,57850232,51701240
222053,13235031,11214044,57311357,63128029
222062,12331622,670106181,65775509,277330848
222497,694260024,23596125,274082255,20799348
222567,23101185,78749794,20324608,99197660
222576,72220495,30549938,100738237,32531088
222822,30104900,98651402,34499208,186213877
222831,119739406,366433123,191618855,97204483
222992,438811103,66152025,92002807,402862147
223214,47576872,10636425,417177918,13191207
223320,12208255,73067140,14096832,81401799
223427,77556909,45701157,82823728,35942913
223506,72495866,70848908,33373956,40255097
223524,69294075,59437645,38534889,36143822
223773,56518676,30410999,37665181,171757833
223816,34480515,17878134,184244512,11162186
223898,18416407,8450259,12088700,14858349
223922,7302767,13517401,16568221,37101560
224110,13679941,54789988,38186862,192751068
224147,42348705,60193960,253993647,173649066
224253,63004997,145368694,166478861,76830100
224350,143653700,7214654,84425605,45506808
224545,6276594,59464278,122372435,157198399
224554,50717118,74708450,175910756,36487243
224572,75047034,83835866,35413218,27428898
224615,83172955,126396582,24538968,111512628
224642,128592058,6150892,117150407,13257759
224891,4945180,5501164,13482506,23450003
224961,5421460,66073202,25245508,36535516
225070,60166814,5607063,38769167,41582275
225308,6571480,9392047,41152798,24397620
225371,9974917,63058618,26573145,75876790
225414,70078000,715109661,87192298,267544695
225423,727258177,90026998,282424690,95492696
225432,88910116,61134421,102750681,25730351
225502,57485069,778157266,24438909,832798682
225511,767556357,29682149,933064555,33143569
225520,28001928,12036721,35601284,62872234
226019,11839688,65187221,67347213,227847857
226091,71252668,5105706,222703741,38013106
226107,5200017,5329578,38981691,25478183
226116,6023123,119134486,25521163,36410728
226134,122861912,20751340,39550085,179823210
226152,16420705,43631575,191883523,37909438
226204,45694011,10714249,40606034,24679213
226408,11862990,120320046,24958287,42528067
226578,120304315,60125772,46701603,75868607
226806,57158562,125036888,81660892,89138120
226833,120043333,62325277,88898440,27223741
226930,61252630,49686330,30255210,36436051
227146,49262882,712814688,40163998,223686560
227182,705962862,76019585,246086800,63511224
227191,73774838,513038715,65713106,513293260
227216,582260495,23300305,537044019,11039414
227225,30976259,29720791,13522043,30390244
227304,98113754,71917808,33075410,291974085
227368,79634620,159544630,311777954,229398573
227377,164591917,11679421,253375812,18383028
227386,11427883,22786090,21235995,29145106
227401,23150102,72546469,33805994,383244765
227526,61558729,1941419,415952174,3203527
227687,2818274,94762608,3780205,55553758
227766,91498900,,58318596,
227854,,88339236,,428287313
227881,105277091,,457682954,
227924,,308421330,,198304118
227979,375653532,9591522,204181920,48195377
228158,10978824,16674530,52302758,16093189
228316,18144847,286063315,17167478,131921291
228431,294100166,190179562,133645333,914178843
228459,205118072,12302634,1009779860,82382308
228501,9640417,53287268,82721212,177670185
228529,43856689,99349951,253199860,870543286
228547,84302928,40865601,923886954,22094635
228608,53535865,275472320,26078531,3069081200
228635,310027545,152971641,3699341979,1210414394
228644,160238678,313437585,1290614831,1445950573
228653,371702098,1183747,1576696702,14659067
228671,983487,45532190,14657149,38528735
228680,48497307,4405903,42901892,33685645
228699,7138123,52430961,25850490,155174425
228705,47354705,16597914,170569655,106052858
228714,16807698,715080890,107967382,2318675406
228723,563348309,5364695985,2874503673,-590337177
228732,5928302259,125629734,-1127639151,801267113
228769,144148622,689585006,911144679,6258671820
228778,742687712,105400594,6806136030,904147506
228787,131367875,99249694,1000412033,733800737
228796,115617688,24478883,784262557,267345229
228802,24465439,113133335,273078360,163038258
228909,122746906,30617875,177423906,227431168
229018,16464113,162225366,241548517,924341797
229027,170415083,181797302,980954145,146873857
229063,217366585,15606505651,139954869,16883858129
229090,17711952401,564215622,19347496764,910244754
229115,547926517,151729088,1040449951,328733933
229179,148833545,174223290,355730744,1211392648
229300,177890906,23922361,1274371043,28603586
229319,24106405,14582221,31197389,14514037
229328,13464555,245241161,16164327,655010941
229337,240982530,102474919,707610072,72816748
229355,90998801,746647008,82858041,152844430
229407,734867731,13158027,168549039,15509338
229504,19186997,24164980,16911626,37900255
229540,23453139,13883842,37186687,45727366
229799,17624874,72676260,51739507,163970586
229814,67482165,15595723,206804088,13560286
229832,14309118,16079559,14699633,43610058
229841,16098177,,46378659,
230010,,5397150,,64302148
230092,3818559,1564206,66558891,35120776
230162,1701785,10776804,34882400,112269800
230171,16263184,,115315341,
230490,,4935871,,110540522
230597,24354946,34175214,110378607,147135304
230603,36369716,1017985,165743603,32975000
230676,819944,221882507,32209991,720347202
230728,218907772,48663013,771543069,264340312
230737,48002416,36030433,280189525,256570464
230746,36053738,850175000,259643507,3131472000
230764,1003855000,49711361,3401900000,329928265
230782,65808079,,360371854,
230834,,,,
230861,,,,
230913,,,,
230931,,180102242,,71232579
231156,208183808,,77032605,
231165,,643435000,,466028000
231174,658082000,3895993,511607000,25936183
231536,13844908,249586164,28851879,429821460
231624,257288821,,474539805,
231688,,4205495,,15848673
231697,3874969,163709179,17857275,198758383
231712,199916158,1045772,235558477,7540054
231873,1531491,3738059,9619890,26405891
231882,3901067,811826,26356374,8813659
232052,864412,705864973,8807158,509355641
232186,767942949,4926309,530732684,27800524
232195,5863428,15990810,33331085,64487476
232414,18723914,308987466,69305781,562331954
232423,309769317,5667897,610351402,58484829
232450,6013989,94022642,58844511,167421096
232566,76815020,4987177,187928918,34565341
232575,4855156,61080682,36168645,134081994
232681,104123336,2020239,150467186,20905289
232788,1857374,3387597,22317122,15774225
232867,3877429,73288856,17309429,126244135
232937,72607200,64024262,154512714,242170010
232946,77152202,351889338,268822551,323302103
232982,334709222,3279351,355952145,18445526
233019,2718607,1917286,17375183,10312435
233037,2014738,4733607,10120057,27126388
233116,4203837,48411593,27817134,208082132
233277,33258104,3266676,229839450,9253980
233310,4497787,3649367,16531039,26448838
233338,3262829,4233492,29085597,12046859
233639,4838293,3170113,12251437,28252747
233648,3238210,12826732,28973252,59054053
233754,11178557,85038812,66454022,187972465
233772,112823967,51359873,231107403,131046821
233897,50463193,1953223,163092237,8139379
233903,2130079,605351706,8773173,1048659342
233921,667399376,5889537,1176901586,25214671
233949,6976596,557927359,32559199,672535338
234030,594583358,1490896523,757881606,5226714331
234076,1704077039,27899500,6103990560,227760130
234085,26893436,90245783,239355809,130776266
234155,82671766,,159836044,
234225,,,,
234359,,3914846,,18406589
234377,4297409,28207325,17981895,176798841
234669,28998495,30638700,190147045,41491546
234696,32785677,6981525,42150427,35684001
234711,6337988,135826047,37004983,338340589
234827,165938069,3622065,354687218,61619486
234845,5457584,13776596,61607625,118781598
234933,18639814,20626220,118985098,65442331
234951,22957023,14644717,65243445,83133284
234979,14733212,63551233,89678601,297722781
235097,63682721,24792679,309309275,98039380
235103,26570140,31686100,101233094,121280924
235149,35693834,33449730,119827226,190136969
235167,33775176,12550579,193476109,90626032
235237,11510447,3465042,91590557,49393098
235334,2582459,53953567,48837606,101126485
235343,49551004,19866983,93483047,64158423
235431,18516534,8980236,67628177,34449375
235671,8686209,3578355,35037104,56459387
235699,5131258,4986082,71056897,57823713
235750,5960477,32990399,62373901,32549311
236072,31466765,9642265,19316573,110359730
236188,10422551,3725525,113858285,55794391
236258,4318187,4663014,77307016,47524934
236382,3517196,4396558,49377621,59345560
236504,5121119,17587748,59289206,89700111
236513,18308936,21661596,78663046,49224052
236610,21065435,10968085,49728920,74858373
236638,10169994,10700112,79902306,118586518
236656,7544277,11968122,121033887,97701125
236692,13631777,13576321,112557439,78689034
236708,14201469,13238069,94646566,80766125
236753,12445868,6756209,82359559,48536430
236887,11016877,535262931,59359644,1549607910
236939,584104636,1806645501,1635161236,5193668773
236948,2284359506,9393529,5728365125,24035041
236975,7611628,119831904,30264530,409788893
237011,113342146,5795655,436913425,70700295
237039,5181313,4378072,73207661,100725429
237109,5167525,4246166,107535899,15721901
237215,8128011,,17036390,
237242,,14728780,,45887238
237330,15438920,77596771,46370949,61937745
237367,78322804,35468226,62775957,26121446
237385,46675886,,24471825,
237473,,,,
237491,,141479588,,312580880
237525,151123287,,339183255,
237561,,9512480,,16736441
237686,10814566,,17590444,
237729,,60994866,,81278295
237792,62551832,5831815,80168690,26278838
237817,6439686,,25691415,
237844,,16141088,,82695561
237880,16449070,16966520,93103759,21534459
237899,20218339,22225749,17646971,34302303
237932,23373444,2863827,34756903,34108881
238014,3555256,620526969,36660831,742172953
238032,648954964,93830067,765105309,89102825
238263,156834324,21706705,94259098,25966193
238397,25158151,75228253,22730674,53491926
238722,75222021,42064881,58558204,40656521
238759,46516305,24130368,44263826,13584987
239008,25178952,28209672,15698073,13198771
239220,31939465,,14793381,
239248,,33704069,,43876322
239372,33880072,12793340,47885237,17271759
239442,15661395,31733373,19245063,49211421
239460,34029491,56527665,53495970,66813107
239488,53485059,46028835,72190160,12774721
239910,43406959,10218912,15718476,46230104
240055,8271135,26567544,51756972,46993064
240116,31106768,43104704,47896986,72350271
240125,41088520,61998750,79940086,30959266
240170,70528662,93087499,32345079,185695659
240189,86811686,21204180,192908908,26253162
240198,24930787,31564382,27259351,162909152
240268,45629514,19622544,177225432,127553649
240277,17555334,55843792,131627809,208592733
240329,76762958,73825766,228314754,177648466
240365,89491025,59781495,199881600,91805174
240374,59945249,53174667,102135408,156170580
240417,69586241,27921768,166706328,81448323
240426,25541539,17523039,90680309,99301470
240435,11048951,911233441,148220887,2755876968
240444,963296059,99040411,2968735259,495796570
240453,93409901,77047508,516613195,122835131
240462,73520528,41819971,123584133,114882396
240471,44685610,85077976,122455574,152914936
240480,102432633,42897115,161357171,51329768
240505,72440057,8487604,62464398,35202836
240514,21911908,3319719,37420518,17335799
240596,4738006,33099010,19182764,59954436
240620,30494489,13260478,63110589,32665810
240657,13082224,21742179,35658318,65090918
240666,18946840,12248111,72958208,76127269
240693,9852940,164132382,81868153,824567517
240727,164614296,6488792,891158250,5249029
240736,9335207,5312816,10937710,26578064
240745,10194928,26665792,35158359,88925179
240754,28056350,2966971,93381543,16583295
240790,4775012,,15663097,
241720,,9913885,,75995121
241766,10586182,1437777,74507554,10396261
241951,1352733,,9835482,
242042,,,,
242556,,,,
242565,,,,
242583,,5569786,,3684957
243106,5474334,20547691,6108706,0
243115,20254226,63184677,112275,753300
243133,53422123,29218211,3211392,394068
243142,25708786,52347172,670294,0
243151,48826180,183113992,1,358962193
243160,230024782,41235101,396713442,0
243179,36124596,27181140,659947,2507009
243188,22981447,161982878,1,0
243197,152007597,193044325,5460031,919561
243203,230777301,17127916,5825611,872160
243212,18571403,261532519,3411819,0
243221,238875826,4922740,3884012,22579329
243638,4821718,1449158,22524111,4397851
243647,2219668,55933975,4273439,72901838
243665,58849651,1042745369,65716709,2827283691
243780,1018754276,,3176929247,
243799,,98730632,,91382010
244437,95360067,2638922,86697218,31861328
244446,2776672,1529865,31588655,14385695
245625,1989679,,15723943,
245999,,,,
246017,,,,
246071,,,,
246354,,2615457,,36234944
246813,2428791,3240841,41075381,-1097124
247083,1882264,3164669,-1099130,38498594
247603,3596611,250632,35942146,5666994
247737,239181,75068056,10267845,369214446
247834,74374554,,392872804,
247940,,,,
248606,,,,
248624,,,,
248633,,859133,,18406569
248776,1693605,,18300223,
248925,,,,
250993,,27815801,,74432745
251260,27219908,,78186535,
260336,,,,
260363,,885885,,8748428
260372,384530,28266256,8884878,45656480
260381,22509059,,55102461,
261375,,,,
261773,,47721982,,47318283
262031,46260077,41592067,48175026,60984441
262129,37991213,,65781720,
363165,,52960050,,95918840
363563,66261633,1112585,160652396,17848218
363633,1002081,,22842691,
364016,,,,
364025,,,,
364548,,,,
364575,,,,
364618,,,,
364627,,,,
364636,,,,
364946,,,,
364964,,,,
365198,,,,
365213,,,,
365240,,,,
365374,,,,
365383,,,,
365480,,,,
365763,,2393925,,13716802
366340,995786,284993870,14150992,-85219039
366395,302648792,236247137,-97200060,42300963
366401,233672878,1065111,31141745,11339512
366447,793266,909355,11514279,17084775
366465,1030875,,17443678,
366623,,,,
366632,,104506126,,211200514
366711,112255703,23842837,211030451,34408722
367459,36015145,,35644547,
367875,,,,
367972,,,,
368160,,,,
368364,,,,
368407,,,,
368647,,,,
368799,,1595341,,23525213
368911,1346142,,29385067,
369109,,,,
369419,,,,
369668,,,,
371690,,,,
372082,,,,
373711,,,,
374112,,,,
374592,,,,
375373,,,,
375407,,,,
375568,,,,
375656,,,,
375683,,,,
375692,,,,
375966,,2855701,,16958641
376695,3450765,,19122949,
377485,,,,
379621,,393626,,9642692
380359,395706,7420000,10761036,21781000
380368,7560000,1627543,23575000,13915649
380377,2450768,,14326757,
381529,,,,
382258,,,,
382416,,,,
383084,,3185550,,22795674
383190,3445986,,24922095,
383312,,,,
383330,,,,
383367,,,,
383525,,848692,,5294459
383996,825294,,5471180,
384333,,112974094,,49013810
384342,113513633,,51258898,
389860,,,,
390905,,,,
391333,,22530789,,22584287
395362,23193639,,26269510,
399212,,,,
403469,,,,
403478,,,,
403487,,18475568,,22182275
404426,17105978,17839593,25538168,56432791
404480,16917576,9530463,59017562,-1772901
405872,11715538,,-3122139,
406325,,,,
406361,,,,
406422,,,,
407452,,,,
407489,,,,
407504,,,,
407513,,,,
407522,,,,
407577,,,,
407595,,,,
407832,,9180163,,12765470
408394,8648028,,13085595,
409120,,83956726,,229691712
409315,79954177,5257997,257032021,13642636
409379,5514993,,18991884,
409537,,,,
409591,,88368171,,279982892
409698,87762925,,280364969,
412535,,,,
413176,,2034700,,7743389
413626,1844371,227877,8129582,941745
413802,231118,4717764,1209668,9390484
414911,5407172,,9929489,
416801,,,,
417105,,,,
417123,,,,
417178,,,,
417187,,,,
417248,,,,
417257,,,,
417275,,,,
417442,,,,
417628,,,,
417637,,,,
417646,,,,
417655,,,,
417673,,,,
417682,,,,
417716,,,,
417743,,,,
417831,,,,
417868,,,,
417886,,,,
417910,,,,
417947,,,,
417983,,,,
417992,,,,
418001,,,,
418010,,,,
418029,,,,
418038,,,,
418056,,,,
418065,,,,
418083,,,,
418199,,,,
418205,,,,
418223,,,,
418250,,,,
418278,,,,
418287,,,,
418296,,,,
418302,,,,
418320,,,,
418339,,,,
418348,,,,
418357,,,,
418409,,,,
418427,,,,
418445,,,,
418454,,,,
418481,,,,
418506,,,,
418515,,,,
418524,,,,
418533,,,,
418542,,,,
418560,,,,
418588,,,,
418603,,,,
418612,,,,
418676,,,,
419031,,,,
419095,,,,
419226,,,,
419332,,,,
419420,,,,
419484,,,,
420398,,,,
420431,1718595,616352,29227578,7172705
420440,4342197,4453185,8604915,8229656
420468,,,,
420538,11410449,12000250,26695923,25064730
420556,22188729,23505604,21773107,21414898
420723,11392559,11451732,9421183,9409779
420802,0,0,1837161,999299
421540,,,,
421559,,,,
421717,,,,
423652,23010040,23700081,14043201,13214152
427991,,,,
428019,,,,
428392,9049487,9007537,23576799,16991925
428426,492242960,498904020,204800617,192862681
430500,,,,
430643,,,,
430795,,,,
430883,,,,
430908,,,,
430971,,,,
431017,,,,
431105,,,,
431169,,,,
431187,,,,
431196,,,,
431202,,,,
431266,,,,
431275,,,,
431558,,,,
431691,,,,
431707,,,,
431716,,,,
431770,,,,
431877,,24026337,,406160177
432144,29356937,,428509528,
433040,,,,
433068,,,,
433138,,69213,,3750533
433174,27313,157846709,4081383,342901582
433660,238078232,6969180,371231643,5358429
434061,5744919,1147466,7760834,3170484
434672,28312115,28469022,136971813,129613250
435000,197839259,152280958,348604499,358343046
436304,3295489,2100468,-1247346,-1020458
437103,15361381,13066334,32086078,27868100
438665,410816719,411049853,182516011,170309383
438708,2131810,2085359,9464902,8998863
439145,10133075,10287486,76638857,65633373
439154,3353238,3029817,15205206,11239345
439190,3847180,3612228,117664795,118777028
439622,,,,
440217,,,,
440244,11633340,13078094,22410730,22410729
440402,7265003,7192349,23181318,21416835
440624,5417540,4908756,3787319,2442499
440730,,,,
441070,664326,508879,610779,456904
441210,,,,
441317,,,,
441335,,,,
441353,,,,
441414,,,,
441593,,,,
441672,,,,
441760,9002110,8052029,22693484,22613418
441894,,,,
441900,2485000,2835000,39727000,38174000
441937,307650415,294254582,260125990,206365622
443368,13024575,,43429524,
443492,10860753,10868494,19926367,38038713
443711,23524768,10032248,14462739,20730143
444219,,77341569,,26981297
444459,,,,
444954,5926090,,15865275,
445018,3688639,5176170,817515,15901522
445188,,2964632,,641896
445674,3292496,,3600641,
446206,,3299439,,3410259
446349,,,,
446419,,,,
446774,3692156,,12895763,
446978,14958836,3259751,1206060,9339838
447582,4854439,10885581,14039889,400075
447689,176810896,4416762,54531383,11499332
448248,,44725614,,37753782
448336,235123,,1215628,
448594,,143989,,64463
448637,129664160,,90890176,
448840,8006023,119237918,85908907,76589350
449357,,4887724,,83610320
449816,,,,
451325,,,,
451459,,,,
451583,,,,
451671,2262390,,45886918,
451680,2861742,2130983,99955590,44708900
452106,,2239162,,75138383
455114,5398275,,56591455,
455512,48105957,5229213,16027585,43591020
457378,,39106346,,16383009
457387,,,,
457624,,,,
457873,,,,
457907,,,,
457943,,,,
457989,,,,
459329,,,,
459408,,,,
460394,300845170,,216986120,
460464,300845170,,216986120,
460604,,,,
460808,,,,
461087,,,,
461245,,,,
461306,,,,
461315,355852,,0,
461634,,,,
